lg_SLA,lg_Na,SLA,Na,treatment
cm2 g-1,g m-2,cm2 g-1,g m-2,
2.028030081,0.212187604,106.667,1.63,CO2-C
1.885251502,0.196657217,76.7806,1.572741031,CO2-C
2.011743788,0.023549836,102.741,1.055722642,CO2-C
2.638272164,0.271841607,434.7826087,1.87,CO2-C
2.35476151,0.210323872,226.3401032,1.62302,CO2-C
2.47243463,-0.014250195,296.78,0.967720197,CO2-C
2.380211242,-0.15490196,240,0.7,CO2-C
2.477419368,0.111929174,300.206,1.293984797,CO2-C
2.254925208,0.149219113,179.8561151,1.41,CO2-C
2.410327246,-0.163611064,257.2333333,0.686102396,CO2-C
2.190051418,-0.125833145,154.9,0.748457,CO2-C
2.209515015,0.031408464,162,1.075,CO2-C
2.254925208,0.096910013,179.8561151,1.25,CO2-C
2.063521,0.200564612,115.75,1.586955,CO2-C
2.139010501,0.046913779,137.7242769,1.114073333,CO2-C
2.268343914,-0.000525597,185.5,0.9987905,CO2-C
2.222716471,0.188113043,167,1.542101796,CO2-C
2.560265398,0.058805487,363.3,1.145,CO2-C
2.225835028,-0.204809842,168.2035,0.624008,CO2-C
1.996716075,0.178102285,99.2467,1.506961944,CO2-C
2.469674773,-0.007276775,294.9,0.983384198,CO2-C
2.183639904,-0.051860869,152.63,0.887440267,CO2-C
2.397940009,0.269512944,250,1.86,CO2-C
2.036097678,-0.023863824,108.667,0.946533906,CO2-C
2.184975191,0.182340457,153.1,1.52174,CO2-C
2.093771781,-0.03686693,124.1,0.918614021,CO2-C
2.102037697,-0.055517328,126.4846131,0.88,CO2-C
2.307816827,-0.065835983,203.15,0.859338,CO2-C
2.214711421,0.157881184,163.95,1.438405,CO2-C
2.317018101,-0.161682064,207.5,0.689156627,CO2-C
2.398400117,0.195249187,250.265,1.567650291,CO2-C
2.253365801,0.041392685,179.2114695,1.1,CO2-C
2.446280802,0.010253754,279.435,1.023891066,CO2-C
2.201397124,-0.051907004,159,0.887346,CO2-C
2.301029996,0.218690395,200,1.65459,CO2-C
2.361028626,-0.077255344,229.63,0.837037,CO2-C
2.383216752,0.200087628,241.6666667,1.585213011,CO2-C
2.22299898,0.21192424,167.1086691,1.629011837,CO2-C
2.393289591,0.185396637,247.3372857,1.532486429,CO2-C
2.322219295,0.033659222,210,1.080585714,CO2-C
2.186313445,0.324209724,153.5724969,2.109646667,CO2-C
2.230448921,0.373777132,170,2.364705882,CO2-C
2.261143868,-0.043547978,182.45,0.9045905,CO2-C
2.303196057,0.139283712,201,1.378109453,CO2-C
2.162803292,0.200679182,145.48,1.587373705,CO2-C
2.476822937,0.272556214,299.794,1.873079515,CO2-C
1.926342447,-0.087493356,84.4,0.817535545,CO2-C
2.662620616,-0.263413884,459.8546859,0.545238,CO2-C
2.401170695,-0.137549076,251.8666667,0.728535843,CO2-C
1.956341558,0.0004818,90.43604429,1.00111,CO2-C
2.254306332,0.138390621,179.6,1.375278396,CO2-C
2.508664363,-0.194117991,322.6,0.639561052,CO2-C
2.38605999,0.067782551,243.254,1.168913975,CO2-C
1.860892352,0.135878857,72.5926,1.36734736,CO2-C
2.523767271,0.0676068,334.016,1.168441033,CO2-C
2.064457989,0.412236889,116,2.583669087,CO2-C
2.034628457,0.500331206,108.3,3.16469023,CO2-C
2.307496038,0.071882007,203,1.18,CO2-C
2.257678575,-0.093325719,181,0.806629834,CO2-C
2.049148541,0.150449409,111.9820829,1.414,CO2-C
2.252588192,0.05300157,178.8908766,1.1298,CO2-C
2.100179498,0.118793628,125.9445844,1.3146,CO2-C
2.244125144,0.123851641,175.4385965,1.33,CO2-C
1.96730533,0.283070448,92.74816594,1.91898,CO2-C
2.235077015,0.02260156,171.8213058,1.05342,CO2-C
2.463002654,0.055760465,290.4040404,1.137,CO2-C
2.144766969,0.280008953,139.5619306,1.9055,CO2-C
2.329363643,0.23448276,213.4831701,1.715863597,CO2-C
2.248918838,0.271618405,177.3857946,1.86903918,CO2-C
2.148875404,0.228008752,140.888454,1.690475,CO2-C
2.259323854,0.294704722,181.687,1.971082136,CO2-C
2.410620353,-0.036212173,257.407,0.92,CO2-C
2.21285319,0.127789188,163.25,1.342113323,CO2-C
2.164650216,0.13420286,146.1,1.362080767,CO2-C
2.285102524,0.400294328,192.798,2.513589353,CO2-C
2.089905111,0.302791842,123,2.008130081,CO2-C
2.153427636,0.213185808,142.373,1.633750781,CO2-C
2.269512944,-0.04162624,186,0.908602151,CO2-C
2.079777991,0.402875533,120.165,2.528573212,CO2-C
2.057475916,0.156785314,114.15,1.43478,CO2-C
1.964730921,0.396996915,92.2,2.494577007,CO2-C
1.993354576,0.401400541,98.4814822,2.52,CO2-C
2.121669252,0.324735128,132.3333333,2.112200436,CO2-C
2.181843588,0.362092113,152,2.30193,CO2-C
2.203304916,0.251643086,159.7,1.78502,CO2-C
1.966670515,0.321843985,92.61269351,2.098186,CO2-C
2.113288384,0.156851901,129.8040922,1.435,CO2-C
2.533051449,-0.238112251,341.2333333,0.577946647,CO2-C
2.353287115,0.252017931,225.573,1.786561335,CO2-C
2.225154149,0.225094959,167.94,1.679171133,CO2-C
2.23299611,0.024682464,171,1.058479532,CO2-C
2.275311355,0.256029448,188.5,1.80314,CO2-C
2.383532889,-0.116293718,241.8426475,0.765079,CO2-C
2.367355921,0.321063901,233,2.094420601,CO2-C
2.305351369,0.312696727,202,2.054455446,CO2-C
2.512150537,0.180563105,325.2,1.515525,CO2-C
2.374748346,0.017948607,237,1.042194093,CO2-C
2.630411601,0.13805778,426.984,1.374224795,CO2-C
2.303498446,0.289759923,201.14,1.948767028,CO2-C
2.343408594,0.306425028,220.5,2.025,CO2-C
1.91829273,0.374748346,82.85004143,2.37,CO2-C
2.208398335,0.079627978,161.5839925,1.201235,CO2-C
1.658011397,0.473716107,45.5,2.976570048,CO2-C
2.230135967,0.191161202,169.8775413,1.552963333,CO2-C
2.769551079,-0.15490196,588.2352941,0.7,CO2-C
2.172115773,0.386916116,148.633181,2.43734,CO2-C
2.060320029,0.29628337,114.9,1.97826,CO2-C
2.517476795,0.255272505,329.2128627,1.8,CO2-C
2.553276046,-0.415605509,357.5,0.384055944,CO2-C
1.50174373,0.525044807,31.75,3.35,CO2-C
1.748188027,0.268845312,56,1.857142857,CO2-C
2.157356015,0.237749388,143.6666667,1.728818445,CO2-C
2.271841607,0.191210605,187,1.55314,CO2-C
1.831869774,0.106979189,67.9,1.27932,CO2-C
2.206825876,0.225044981,161,1.678977904,CO2-C
2.230448921,0.206475062,170,1.6087,CO2-C
2.040958608,0.012837225,109.8901099,1.03,CO2-C
1.979224512,0.164352856,95.32888465,1.46,CO2-C
1.835690571,0.119882458,68.5,1.3179,CO2-C
1.552668216,0.511883361,35.7,3.25,CO2-C
1.694373952,0.53758615,49.47365,3.44815,CO2-C
2.046385165,-0.011408346,111.2718132,0.974073333,CO2-C
2.140419922,0.127104798,138.1719612,1.34,CO2-C
1.57634135,0.50644402,37.7,3.209549072,CO2-C
2.256310354,0.211242648,180.4306667,1.626457233,CO2-C
2.24302564,0.060965901,174.995,1.150710037,CO2-C
2.145086978,0.197335703,139.6648045,1.5752,CO2-C
2.248802676,0.288472801,177.3383553,1.943,CO2-C
2.263714952,0.251622714,183.5333333,1.784936266,CO2-C
2.19278854,0.305377407,155.8793333,2.020121108,CO2-C
2.083980129,0.286306739,121.3333333,1.933333333,CO2-C
2.150804731,0.043567036,141.5157348,1.1055211,CO2-C
2.152594078,0.291450718,142.1,1.956368754,CO2-C
2.165837625,0.113943352,146.5,1.3,CO2-C
2.371990911,0.088136089,235.5,1.225,CO2-C
2.44870632,0.072308731,281,1.18116,CO2-C
2.537399284,0.100418,344.6666667,1.260137686,CO2-C
2.593286067,-0.162603231,392,0.687696429,CO2-C
2.295738585,-0.120679277,197.578,0.757392017,CO2-C
2.180830959,0.449084003,151.646,2.812444773,CO2-C
2.368286885,-0.153443037,233.5,0.70235546,CO2-C
2.599311804,-0.18655646,397.4768172,0.650794,CO2-C
2.324782327,0.158634354,211.243,1.440901701,CO2-C
1.723455672,0.337242168,52.9,2.173913043,CO2-C
1.916123759,0.207727882,82.4373,1.613347356,CO2-C
2.218986071,-0.176608595,165.5716859,0.665873,CO2-C
2.277723789,0.119386113,189.55,1.316394665,CO2-C
1.775974331,0.29957263,59.7,1.993299832,CO2-C
2.73754891,-0.228346388,546.4480874,0.59109,CO2-C
2.206825876,0.309047968,161,2.037267081,CO2-C
2.260439905,-0.034649604,182.1545,0.923316073,CO2-C
2.37345637,0.017033339,236.296,1.04,CO2-C
2.241048151,-0.110006779,174.2,0.776235,CO2-C
1.895854449,0.325820548,78.67820614,2.117486,CO2-C
2.352821509,0.190905533,225.3312933,1.552049375,CO2-C
2.031422918,0.097938362,107.5035779,1.252963333,CO2-C
2.316494539,-0.139910061,207.25,0.724586,CO2-C
2.113696068,-0.248394839,129.926,0.564423595,CO2-C
2.023046584,0.156420419,105.45,1.433575,CO2-C
2.254668899,0.055353481,179.75,1.135935,CO2-C
2.225546011,0.304035745,168.0916,2.01389,CO2-C
1.829946696,0.211445989,67.6,1.627218935,CO2-C
2.079777991,0.374479794,120.165,2.368534931,CO2-C
2.126142776,0.184691431,133.7035,1.53,CO2-C
2.537579853,-0.309693148,344.81,0.490124996,CO2-C
2.672596548,-0.38839148,470.54,0.408891911,CO2-C
2.083860801,-0.164782708,121.3,0.684253916,CO2-C
2.325138859,-0.272060416,211.4164905,0.53449,CO2-C
2.212187604,0.071113624,163,1.17791411,CO2-C
2.214843848,0.018152262,164,1.042682927,CO2-C
2.167612673,-0.203824845,147.1,0.625424881,CO2-C
2.252853031,-0.188395042,179,0.648044693,CO2-C
2.33243846,-0.253257214,215,0.558139535,CO2-C
2.209515015,-0.137633007,162,0.728395062,CO2-C
2.006387734,0.180412633,101.4817,1.515,CO2-E
1.850019149,0.229484079,70.7977,1.69622742,CO2-E
1.931495501,-0.00617386,85.4074,0.985884731,CO2-E
2.254144805,0.28780173,179.5332136,1.94,CO2-E
2.28433838,0.292326971,192.4590688,1.96032,CO2-E
2.005695181,0.30859348,101.32,2.035136202,CO2-E
2.380881167,-0.204119983,240.3705,0.625,CO2-E
2.424961631,0.118576251,266.049,1.313942169,CO2-E
2.19314197,0.089905111,156.0062402,1.23,CO2-E
2.347785217,-0.178684489,222.7333333,0.662697773,CO2-E
2.159266331,-0.291747411,144.3,0.510802,CO2-E
2.190331698,-0.040958608,155,0.91,CO2-E
2.171984936,0.089905111,148.5884101,1.23,CO2-E
2.025510673,0.173637816,106.05,1.49155,CO2-E
2.148619938,-0.006645492,140.8056034,0.984814667,CO2-E
2.256236533,-0.023714459,180.4,0.9468595,CO2-E
2.176091259,0.175016741,150,1.496293333,CO2-E
2.517195898,0.045322979,329,1.11,CO2-E
2.058953387,-0.289969841,114.539,0.512897,CO2-E
1.877507833,0.141134423,75.4237,1.383994686,CO2-E
2.460597189,-0.042295898,288.8,0.907202216,CO2-E
2.177054324,-0.060251486,150.333,0.870459388,CO2-E
2.361510743,0.269512944,229.8850575,1.86,CO2-E
1.914010035,0.08705924,82.03705,1.221966332,CO2-E
2.174059808,0.164037432,149.3,1.45894,CO2-E
2.031812271,-0.054088666,107.6,0.882899628,CO2-E
2.088576035,-0.113509275,122.624157,0.77,CO2-E
2.405687787,-0.115125655,254.5,0.7671395,CO2-E
2.181700704,-0.024268655,151.95,0.945652,CO2-E
2.250420002,-0.167634632,178,0.679775281,CO2-E
2.338962212,0.241908046,218.254,1.745452546,CO2-E
2.172630727,-0.013228266,148.8095238,0.97,CO2-E
2.310451144,0.011192846,204.386,1.026107463,CO2-E
2.184407485,-0.010857768,152.9,0.975309,CO2-E
2.264817823,0.201225011,184,1.58937,CO2-E
2.331275419,-0.073429146,214.425,0.844444,CO2-E
2.183744223,0.212816098,152.6666667,1.63236058,CO2-E
2.140852092,0.211666151,138.3095257,1.628044048,CO2-E
2.382318653,0.161003598,241.1674286,1.448783857,CO2-E
2.301029996,0.069325779,200,1.173075,CO2-E
2.196482281,0.262208956,157.210765,1.82898,CO2-E
2.190331698,0.322885902,155,2.103225806,CO2-E
2.237418056,-0.105117066,172.75,0.785024,CO2-E
2.301029996,0.049218023,200,1.12,CO2-E
2.018904494,0.258946813,104.44905,1.815293333,CO2-E
2.410274341,0.3022171,257.202,2.005474296,CO2-E
1.888179494,-0.147816804,77.3,0.711513583,CO2-E
2.527499524,-0.385202936,336.8988461,0.411905,CO2-E
2.353788045,-0.110536974,225.8333333,0.775287937,CO2-E
2.073651681,0.104309533,118.4818104,1.27148,CO2-E
2.256477206,0.073936567,180.5,1.185595568,CO2-E
2.49382968,-0.184880518,311.7666667,0.653310265,CO2-E
2.30871591,-0.043089259,203.571,0.905546468,CO2-E
1.828946217,0.149740935,67.44445,1.411695189,CO2-E
2.495492996,-0.137320114,312.963,0.728920032,CO2-E
1.985426474,0.368802087,96.7,2.337771646,CO2-E
1.981592117,0.490189995,95.85,3.091647673,CO2-E
2.28780173,0.096910013,194,1.25,CO2-E
2.239799818,-0.146378133,173.7,0.713874496,CO2-E
1.891096872,0.097951071,77.82101167,1.253,CO2-E
2.08249449,0.002856926,120.9189843,1.0066,CO2-E
1.937042166,0.076057596,86.50519031,1.1914,CO2-E
2.057495894,0.116009679,114.1552511,1.3062,CO2-E
1.92390296,0.330774453,83.92724359,2.141778,CO2-E
2.176064651,0.022217978,149.9908102,1.05249,CO2-E
2.375279843,0.003675903,237.2902222,1.0085,CO2-E
2.055166092,0.254124935,113.5444973,1.79525,CO2-E
2.323975262,0.192553502,210.8508041,1.557949952,CO2-E
2.23256212,0.21559519,170.829205,1.642839701,CO2-E
2.10217833,0.286128492,126.5255781,1.93254,CO2-E
2.235568845,0.218036891,172.016,1.65210213,CO2-E
2.384213586,-0.036212173,242.222,0.92,CO2-E
2.169439299,0.172193037,147.72,1.486596263,CO2-E
2.107888025,0.142531977,128.2,1.388455538,CO2-E
2.267605806,0.354403978,185.185,2.261538462,CO2-E
2.117271296,0.149900433,131,1.41221374,CO2-E
2.046124314,0.200526883,111.205,1.58681714,CO2-E
2.281033367,-0.099189779,191,0.795811518,CO2-E
2.000893726,0.347561069,100.206,2.226184061,CO2-E
1.998477303,0.10233078,99.65,1.2657,CO2-E
1.950851459,0.373430996,89.3,2.362821948,CO2-E
2.00619851,0.337459261,101.4374936,2.175,CO2-E
2.073107098,0.253874849,118.3333333,1.794216512,CO2-E
2.164352856,0.290410837,146,1.95169,CO2-E
2.203848464,0.201225011,159.9,1.58937,CO2-E
1.929322805,0.301300694,84.9811894,2.001247,CO2-E
1.999288749,0.241795431,99.83636242,1.745,CO2-E
2.468544245,-0.268038754,294.1333333,0.539462482,CO2-E
2.308246312,0.367532029,203.351,2.330945016,CO2-E
2.167524092,0.237309624,147.07,1.727068743,CO2-E
2.207634367,-0.006237243,161.3,0.985740856,CO2-E
2.2999429,0.179920727,199.5,1.513285,CO2-E
2.23172606,-0.284129471,170.5006581,0.519841,CO2-E
2.336459734,0.341147219,217,2.193548387,CO2-E
2.311753861,0.314586506,205,2.063414634,CO2-E
2.278410601,0.197550702,189.85,1.57598,CO2-E
2.474216264,-0.158245919,298,0.694630872,CO2-E
2.624996392,0.084641546,421.693,1.215182609,CO2-E
2.225177422,0.305275861,167.949,2.019648822,CO2-E
2.217483944,0.293362555,165,1.965,CO2-E
1.893809103,0.350248018,78.30853563,2.24,CO2-E
2.157677542,0.068383547,143.7730687,1.170532689,CO2-E
1.662757832,0.488085793,46,3.076704545,CO2-E
2.192918923,0.21248325,155.9261383,1.63111,CO2-E
2.744727495,-0.148741651,555.5555556,0.71,CO2-E
2.142389803,0.354267587,138.8001078,2.260828333,CO2-E
1.980003372,0.319514125,95.5,2.08696,CO2-E
2.487513374,0.267171728,307.2651986,1.85,CO2-E
2.37654046,-0.320398198,237.98,0.478191445,CO2-E
1.462397998,0.525044807,29,3.35,CO2-E
1.674861141,0.173878271,47.3,1.492376052,CO2-E
2.11058971,0.272470674,129,1.872710623,CO2-E
2.252853031,0.223106381,179,1.6715,CO2-E
1.833147112,-0.072002775,68.1,0.847222,CO2-E
2.083980129,0.259922187,121.3333333,1.819374851,CO2-E
2.193124598,0.205166456,156,1.60386,CO2-E
2.010105436,-0.022276395,102.3541453,0.95,CO2-E
1.935916564,0.292256071,86.28127696,1.96,CO2-E
1.82672252,0.106456086,67.1,1.27778,CO2-E
1.547159121,0.498310554,35.25,3.15,CO2-E
1.692315839,0.414354037,49.23975,2.596295,CO2-E
2.036671893,-0.020679606,108.8107723,0.953499333,CO2-E
2.045925667,0.176814481,111.1541461,1.5025,CO2-E
1.530199698,0.534258291,33.9,3.421828909,CO2-E
2.167012927,0.207120386,146.897,1.611092166,CO2-E
2.352365848,-0.111370993,225.095,0.773800502,CO2-E
1.992679047,0.211440936,98.32841691,1.6272,CO2-E
2.20941976,0.2509077,161.9644723,1.782,CO2-E
2.198816482,0.290756545,158.058,1.953244209,CO2-E
2.140781355,0.298683231,138.287,1.989221895,CO2-E
2.06694679,0.230448921,116.6666667,1.7,CO2-E
2.087096324,0.030928097,122.2070678,1.073811616,CO2-E
2.112269768,0.222183983,129.5,1.667953668,CO2-E
2.112269768,0.06069784,129.5,1.15,CO2-E
2.330413773,0.043362278,214,1.105,CO2-E
2.330413773,0.064240788,214,1.15942,CO2-E
2.465878339,0.089316812,292.3333333,1.22833496,CO2-E
2.51851394,-0.166586283,330,0.681418182,CO2-E
2.260193069,-0.166459784,182.051,0.68161669,CO2-E
2.105755364,0.512695445,127.572,3.256082839,CO2-E
2.288249226,-0.151528658,194.2,0.70545829,CO2-E
2.477121689,-0.317898265,300.0003,0.480952,CO2-E
2.299014543,-0.031554751,199.074,0.929919273,CO2-E
1.702430536,0.330993219,50.4,2.142857143,CO2-E
1.831775742,0.247405504,67.8853,1.767687555,CO2-E
2.099502876,-0.355295597,125.7485181,0.44127,CO2-E
2.252134274,0.103585975,178.704,1.269363409,CO2-E
1.726727209,0.298578656,53.3,1.988742964,CO2-E
2.795880017,-0.331987028,625,0.4656,CO2-E
2.120573931,0.321905838,132,2.098484848,CO2-E
2.171682583,-0.061893974,148.485,0.867173557,CO2-E
2.336903808,0.008600172,217.222,1.02,CO2-E
2.14113609,-0.133056692,138.4,0.736111,CO2-E
1.905528871,0.281991849,80.45052293,1.91422,CO2-E
2.264829219,0.11608409,184.0048283,1.30642382,CO2-E
2.078701154,0.10959137,119.867419,1.287038,CO2-E
2.28780173,-0.080416223,194,0.830967,CO2-E
2.10921564,-0.248158426,128.5925,0.564730929,CO2-E
2.01911629,0.10398595,104.5,1.270533,CO2-E
2.24674471,-0.059902822,176.5,0.8711585,CO2-E
2.219197208,0.269691295,165.6522,1.860764,CO2-E
1.727541257,0.135781603,53.4,1.367041199,CO2-E
2.052936218,0.370940155,112.963,2.349309066,CO2-E
2.098835742,0.149219113,125.5555,1.41,CO2-E
2.224092588,-0.002939267,167.53,0.993254939,CO2-E
2.458773781,-0.229091938,287.59,0.59007615,CO2-E
2.090610708,-0.233278211,123.2,0.584415584,CO2-E
2.325138859,-0.320817485,211.4164905,0.47773,CO2-E
2.328379603,-0.038344992,213,0.915492958,CO2-E
2.28780173,-0.062492448,194,0.865979381,CO2-E
2.072984745,-0.240475832,118.3,0.574809806,CO2-E
2.212187604,-0.243704656,163,0.570552147,CO2-E
2.281033367,-0.298762134,191,0.502617801,CO2-E
2.173186268,-0.209398441,149,0.617449664,CO2-E
